sku,stock
BJT023,29
BJT015,51
V1006S,9
LE9878,6
V8296,2
BJ488,3
LE10947,3
LE10616,1
T0067,3
T0068,2
M38-B0577,361
H118,2
PL103,2
TV439,14
TV317,1
JEMLE50400,1
LE11005,13
JT154,1
PL112,1
LE11608,139
LE11665,8
LE11684,44
2D11925,621
V4093B,59
V8370,5
LE11917,165
UG70087,31
LE12242,31
PL137,1
TV607,12
LE12241,17
LE12310,1
LE12328,6
UG70100,3
M38-B1122,54
TV453,2
LE12424,12
2D33818,200
2D33820,250
2D33819,296
2D33829,94
2D33825,434
TV338,5
2D33831,880
2D33837,50
2D33834,0
LE12622,7
2D33877,322
2D33899,106
2D33898,97
UG70157,1
2D98179,634
2D98237,468
V2351,8
2D98233,956
2D98221,2
2D98222,411
2D98264,89
UG70158,12
UG70160,10
UG70161,7
UG70159,30
MI06,0
MR03S,39
2D98265,494
2D98268,144
